Personality Type,Title,Description,Behavior,Strengths,Good At,Seeks In Life,Best Matches,Cognitive Functions,Growth Path
INFP,Mediator,"INFPs are gentle idealists guided by deep personal values. They seek meaning in everything and are driven by authenticity, empathy, and creativity. Often quiet, they possess rich inner worlds and express themselves through art, writing, or helping causes they believe in. They avoid conflict but stand firm for their principles. Loyal and compassionate, they inspire others through quiet conviction rather than force.","Reflective, values-driven, avoids confrontation, emotionally deep, seeks harmony, often lost in thought or creative flow.","Empathetic, imaginative, principled, loyal, open-minded, excellent listeners.","Creative writing, counseling, psychology, art, advocacy, roles requiring deep human understanding.","Purpose, authenticity, emotional connection, personal growth, and a life aligned with their inner moral compass.","ENFJ, ENTJ, INFJ, ENTP","Dominant: Introverted Feeling (Fi), Auxiliary: Extraverted Intuition (Ne), Tertiary: Introverted Sensing (Si), Inferior: Extraverted Thinking (Te)","Develop structure and follow-through (Te). Practice setting boundaries. Balance idealism with realism. Learn to receive criticism without taking it personally."
INFJ,Advocate,"INFJs are insightful visionaries with a rare blend of idealism and determination. They see the potential in people and systems, often working behind the scenes to create meaningful change. Deeply empathetic yet private, they connect on emotional levels while maintaining strategic foresight. They are natural counselors, often drawn to healing, teaching, or transformative leadership.","Quietly intense, future-oriented, deeply empathetic, organized in thought, seeks depth over small talk, protective of inner circle.","Visionary, insightful, organized, compassionate, persuasive in writing, excellent at reading people and motives.","Therapy, writing, leadership in NGOs, teaching, coaching, roles requiring long-term vision and human insight.","Deep connection, purposeful impact, spiritual or emotional growth, and environments where they can quietly transform systems.","ENFP, ENTP, INFJ, INFP","Dominant: Introverted Intuition (Ni), Auxiliary: Extraverted Feeling (Fe), Tertiary: Introverted Thinking (Ti), Inferior: Extraverted Sensing (Se)","Ground visions in practical steps (Se). Avoid burnout by setting limits. Express needs directly. Balance helping others with self-care."
ENFP,Campaigner,"ENFPs are energetic, people-oriented visionaries who thrive on possibilities. Charismatic and spontaneous, they inspire others with infectious enthusiasm. They dislike routine and crave novelty, connection, and meaning. Often idea-generators, they may struggle with follow-through but excel at motivating teams and seeing potential in everyone.","Outgoing, imaginative, emotionally expressive, easily bored by routine, seeks novelty and deep conversations, values authenticity.","Charismatic, adaptable, optimistic, excellent communicators, great at brainstorming and connecting people.","Marketing, entrepreneurship, counseling, event planning, creative fields, roles requiring inspiration and people skills.","Meaningful relationships, personal freedom, creative expression, and a life full of exploration and growth.","INFJ, INTJ, INFP, ENFJ","Dominant: Extraverted Intuition (Ne), Auxiliary: Introverted Feeling (Fi), Tertiary: Extraverted Thinking (Te), Inferior: Introverted Sensing (Si)","Develop consistency and task completion (Si). Prioritize depth over breadth. Learn to say no. Channel energy into focused projects."
ENFJ,Protagonist,"ENFJ are natural-born leaders and empathetic organizers. They are driven by a desire to help others reach their potential and create harmonious, uplifting environments. Charismatic and expressive, they read emotional atmospheres quickly and act to motivate or heal. They thrive in roles where they can teach, lead, or counsel.","Warm, assertive, socially aware, future-focused, seeks group harmony, often takes charge of emotional dynamics.","Inspirational, diplomatic, organized, excellent mentors, persuasive speakers, natural facilitators of growth.","Teaching, HR, coaching, nonprofit leadership, public speaking, any role involving team development or emotional guidance.","To uplift others, create positive change, feel appreciated, and lead with heart and vision.","INFP, INFJ, ENFP, INTJ","Dominant: Extraverted Feeling (Fe), Auxiliary: Introverted Intuition (Ni), Tertiary: Extraverted Sensing (Se), Inferior: Introverted Thinking (Ti)","Balance helping others with self-care. Develop objective analysis (Ti). Accept that not everyone wants to be ‘fixed’. Set personal boundaries."
INTP,Logician,"INTPs are philosophical architects of ideas. They live in the world of theories, systems, and logical possibilities. Independent and curious, they question everything and seek to understand underlying principles. Often quiet and reserved, they enjoy deep one-on-one conversations about abstract concepts. They value intellectual honesty over social niceties.","Analytical, detached, curious, values logic over emotion, enjoys solitude, easily distracted by new ideas, dislikes routine.","Logical, innovative, objective, excellent problem-solvers, independent thinkers, love learning complex systems.","Research, programming, engineering, philosophy, data science, any field requiring deep analysis and innovation.","Understanding how things work, intellectual freedom, truth, and solving complex puzzles.","ENTJ, ENFJ, INFJ, ENTP","Dominant: Introverted Thinking (Ti), Auxiliary: Extraverted Intuition (Ne), Tertiary: Introverted Sensing (Si), Inferior: Extraverted Feeling (Fe)","Develop emotional expression (Fe). Improve follow-through on projects. Practice explaining ideas simply. Engage more with people, not just concepts."
INTJ,Architect,"INTJs are strategic masterminds driven by efficiency, knowledge, and long-term vision. Independent and decisive, they build complex systems in their minds and execute them with precision. They value competence and are often skeptical of tradition unless it proves logically sound. Quietly confident, they lead through insight rather than charisma.","Strategic, independent, future-oriented, values competence, dislikes inefficiency, prefers working alone or with highly capable peers.","Visionary, analytical, self-driven, excellent planners, systems thinkers, decisive under pressure.","Strategy, engineering, entrepreneurship, science, leadership roles requiring long-term planning and innovation.","Mastery, autonomy, intellectual challenge, and creating systems that work better than existing ones.","ENFP, ENTP, INFJ, INTP","Dominant: Introverted Intuition (Ni), Auxiliary: Extraverted Thinking (Te), Tertiary: Introverted Feeling (Fi), Inferior: Extraverted Sensing (Se)","Develop patience with people (Fe). Practice flexibility. Engage with the present moment (Se). Share vision more collaboratively."
ENTP,Debater,"ENTPs are quick-witted innovators who thrive on intellectual challenges and debate. They love exploring ideas, playing devil’s advocate, and finding novel solutions. Energetic and charismatic, they can be argumentative but rarely take things personally — for them, it’s about the idea, not the ego. They get bored easily and crave stimulation.","Debative, curious, energetic, idea-oriented, dislikes routine, enjoys mental sparring, often plays devil’s advocate.","Innovative, persuasive, adaptable, excellent at brainstorming, quick learners, thrive in dynamic environments.","Entrepreneurship, law, marketing, consulting, invention, roles requiring creative problem-solving and verbal agility.","Intellectual stimulation, freedom, novelty, and the thrill of turning ideas into reality.","INFJ, INTJ, INTP, ENFJ","Dominant: Extraverted Intuition (Ne), Auxiliary: Introverted Thinking (Ti), Tertiary: Extraverted Feeling (Fe), Inferior: Introverted Sensing (Si)","Develop follow-through (Si). Avoid starting too many projects. Practice emotional depth. Learn when to stop debating and start doing."
ENTJ,Commander,"ENTJs are bold, strategic leaders built for execution. They see inefficiency as a challenge and are driven to organize people and systems for maximum impact. Confident and assertive, they make decisions quickly and expect competence from others. They value logic and results over feelings, but can be fiercely loyal to their team.","Decisive, organized, goal-oriented, direct, values efficiency, natural leaders, often impatient with indecisiveness.","Strategic planning, leadership, public speaking, project management, business development, roles requiring vision and execution.","Impact, achievement, competence, respect, and building systems that leave a legacy.","INTP, INFP, ENTP, INFJ","Dominant: Extraverted Thinking (Te), Auxiliary: Introverted Intuition (Ni), Tertiary: Extraverted Sensing (Se), Inferior: Introverted Feeling (Fi)","Develop empathy and patience (Fi). Listen more, command less. Value people as much as outcomes. Learn to delegate without micromanaging."
ISFP,Adventurer,"ISFPs are gentle, aesthetic souls who live in the present moment. They value personal freedom, authenticity, and beauty in everyday life. Quietly compassionate, they express care through actions rather than words. They dislike conflict and rigid structures, preferring to go with the flow and respond to life as it unfolds.","Present-focused, artistic, empathetic, avoids confrontation, values harmony, expresses through action or art, dislikes being pressured.","Artistic, kind, adaptable, observant, excellent in crisis (calm under pressure), deeply loyal to values and loved ones.","Art, design, healthcare, counseling, hands-on creative fields, roles requiring sensitivity and adaptability.","Authenticity, peace, beauty, personal freedom, and meaningful experiences in the here and now.","ENFJ, ESFJ, INFJ, ESTP","Dominant: Introverted Feeling (Fi), Auxiliary: Extraverted Sensing (Se), Tertiary: Introverted Intuition (Ni), Inferior: Extraverted Thinking (Te)","Develop long-term planning (Ni). Practice voicing needs. Set boundaries. Learn to handle criticism without withdrawing."
ISTP,Virtuoso,"ISTPs are pragmatic problem-solvers with a love for hands-on mechanics and immediate results. Cool under pressure, they thrive in dynamic environments where they can troubleshoot and adapt. Independent and observant, they prefer action over theory and value freedom above all. They’re often drawn to tools, machines, sports, or emergency response.","Calm, logical, action-oriented, values freedom, dislikes theory without application, excellent in crises, quietly competent.","Mechanical aptitude, troubleshooting, adaptability, risk assessment, hands-on skills, remain calm in emergencies.","Engineering, skilled trades, athletics, emergency services, IT support, roles requiring quick thinking and physical skill.","Freedom, competence, mastery of tools/systems, and living life on their own terms.","ESTP, ESFJ, ENFP, ISFP","Dominant: Introverted Thinking (Ti), Auxiliary: Extraverted Sensing (Se), Tertiary: Introverted Intuition (Ni), Inferior: Extraverted Feeling (Fe)","Develop emotional expression (Fe). Think long-term (Ni). Explain reasoning to others. Engage more with people, not just systems."
ESFP,Entertainer,"ESFPs are energetic, spontaneous performers who light up any room. They live in the moment and thrive on interaction, fun, and sensory experiences. Warm, observant, and adaptable, they notice what others need and respond with charm and generosity. They dislike theory and routine, preferring action, connection, and celebration.","Outgoing, observant, playful, lives in the moment, values experiences, dislikes planning, excellent at reading social cues.","Charismatic, adaptable, generous, great in crisis (practical help), excellent motivators, bring joy to others.","Sales, hospitality, entertainment, childcare, event planning, roles requiring people skills and adaptability.","Fun, connection, sensory experiences, spontaneity, and making others feel seen and appreciated.","ISTJ, ISFJ, INFJ, INTJ","Dominant: Extraverted Sensing (Se), Auxiliary: Introverted Feeling (Fi), Tertiary: Extraverted Thinking (Te), Inferior: Introverted Intuition (Ni)","Develop future planning (Ni). Reflect on deeper values. Balance fun with responsibility. Practice delayed gratification."
ESTP,Entrepreneur,"ESTPs are dynamic, action-oriented thrill-seekers who thrive on challenge and opportunity. Bold and pragmatic, they make quick decisions based on real-world data. Excellent at reading people and environments, they adapt on the fly and love to push boundaries. They dislike theory and bureaucracy, preferring hands-on results and immediate impact.","Energetic, pragmatic, risk-taker, excellent in crises, persuasive, lives for the moment, dislikes routine or abstract theory.","Crisis management, sales, entrepreneurship, athletics, negotiation, roles requiring quick thinking and bold action.","Excitement, freedom, tangible results, and mastering their environment through action and influence.","ISFJ, ISTJ, INFJ, ISFP","Dominant: Extraverted Sensing (Se), Auxiliary: Introverted Thinking (Ti), Tertiary: Extraverted Feeling (Fe), Inferior: Introverted Intuition (Ni)","Develop long-term vision (Ni). Consider emotional impact (Fe). Slow down to reflect. Build deeper, lasting relationships beyond surface charm."
ISFJ,Defender,"ISFJs are devoted protectors who quietly ensure the well-being of others. Loyal, responsible, and detail-oriented, they remember what matters to people and act to support them. They value tradition, stability, and harmony, often putting others’ needs before their own. They dislike conflict and sudden change, preferring predictable, caring environments.","Loyal, detail-oriented, nurturing, values stability, remembers personal details, dislikes confrontation or chaos.","Reliable, compassionate, excellent memory for details, practical helpers, create warm and stable environments.","Healthcare, teaching, administration, customer service, roles requiring consistency, care, and attention to detail.","Security, appreciation, meaningful service, and preserving harmony in their personal and professional circles.","ESFP, ESTP, ENFP, ENTP","Dominant: Introverted Sensing (Si), Auxiliary: Extraverted Feeling (Fe), Tertiary: Introverted Thinking (Ti), Inferior: Extraverted Intuition (Ne)","Practice saying no. Explore new possibilities (Ne). Express own needs. Avoid over-giving at personal cost."
ISTJ,Logistician,"ISTJs are dependable, detail-oriented organizers who thrive on structure and responsibility. Practical and hardworking, they believe in doing things the right way. Loyal and honest, they value tradition, rules, and clear expectations. They dislike chaos and unpredictability, preferring environments where roles and processes are well-defined.","Responsible, organized, detail-focused, values duty, dislikes ambiguity, follows through on commitments, quietly dependable.","Administration, accounting, engineering, law enforcement, project management, roles requiring precision and reliability.","Order, respect, duty, stability, and knowing their work has tangible, lasting value.","ESTP, ESFP, ENFP, ENTP","Dominant: Introverted Sensing (Si), Auxiliary: Extraverted Thinking (Te), Tertiary: Introverted Feeling (Fi), Inferior: Extraverted Intuition (Ne)","Embrace flexibility (Ne). Express personal values (Fi). Accept that not all problems have one ‘right’ solution. Allow for spontaneity."
ESFJ,Consul,"ESFJs are warm, conscientious hosts who thrive on creating harmony and meeting others’ needs. Outgoing and organized, they remember birthdays, preferences, and social obligations. They value tradition, cooperation, and clear social roles. They dislike conflict and neglect, needing to feel appreciated for their efforts.","Sociable, responsible, nurturing, values harmony, excellent organizers of people/events, dislikes ingratitude or chaos.","Teaching, nursing, HR, event planning, customer service, roles requiring empathy, organization, and social grace.","Appreciation, social connection, stability, and knowing they’ve made others’ lives better.","ISTP, ISFP, INTP, INTJ","Dominant: Extraverted Feeling (Fe), Auxiliary: Introverted Sensing (Si), Tertiary: Extraverted Intuition (Ne), Inferior: Introverted Thinking (Ti)","Develop independent thinking (Ti). Set boundaries. Accept that not everyone expresses gratitude the same way. Embrace constructive criticism."
ESTJ,Executive,"ESTJs are efficient, take-charge organizers who value order, rules, and results. Direct and decisive, they lead with clarity and expect competence from others. They thrive in structured environments and dislike inefficiency or ambiguity. Loyal and hardworking, they believe in tradition, duty, and getting things done the right way.","Assertive, organized, practical, values efficiency, dislikes ambiguity, natural leaders in structured environments, expects accountability.","Management, logistics, law enforcement, finance, military, roles requiring leadership, structure, and execution.","Respect, order, tangible results, and knowing they’ve upheld standards and systems that work.","ISTP, ISFP, INTP, INFP","Dominant: Extraverted Thinking (Te), Auxiliary: Introverted Sensing (Si), Tertiary: Extraverted Intuition (Ne), Inferior: Introverted Feeling (Fi)","Develop empathy (Fi). Embrace flexibility (Ne). Listen before directing. Value people’s feelings as much as outcomes."